100000, 9692218, 9540010, 9638311, 9438409, 9534471, 
200000, 19820720, 20600405, 20391903, 20416809, 19927673, 
300000, 30760062, 30670191, 30498235, 31050705, 30767770, 
400000, 41797410, 41445433, 41945941, 41659896, 41874850, 
500000, 53506295, 53119367, 52890618, 52893837, 52804084, 
600000, 63840900, 64219535, 64079917, 64105612, 64289377, 
700000, 74578866, 75542729, 74803308, 75312439, 75420054, 
800000, 85960132, 86144126, 86402554, 86191670, 86079615, 
900000, 96905267, 97928500, 97988361, 98392401, 98125888, 
1000000, 108362999, 109691033, 109546034, 109728011, 109011631, 
1100000, 120451527, 121477569, 122035246, 121475370, 121366865, 
1200000, 131173666, 132159007, 132414748, 132475399, 132656839, 
1300000, 141855474, 142908136, 143636455, 143409800, 142962527, 
1400000, 154397185, 155537472, 156049703, 155712422, 156021725, 
1500000, 166637557, 166860831, 167378707, 166851208, 167250300, 
1600000, 177095673, 178610434, 178513058, 178737470, 178834529, 
1700000, 188964294, 190602969, 190323533, 190350697, 190277716, 
1800000, 201523761, 202425418, 202276439, 202638882, 203067884, 
1900000, 213824797, 215310336, 214441784, 215078896, 213768581, 
2000000, 229633545, 226687903, 226970835, 226857373, 226151522, 
